[{"model": "contenttypes.contenttype", "fields": {"app_label": "admin", "model": "logentry"}}, {"model": "contenttypes.contenttype", "fields": {"app_label": "auth", "model": "permission"}}, {"model": "contenttypes.contenttype", "fields": {"app_label": "auth", "model": "group"}}, {"model": "contenttypes.contenttype", "fields": {"app_label": "contenttypes", "model": "contenttype"}}, {"model": "contenttypes.contenttype", "fields": {"app_label": "sessions", "model": "session"}}, {"model": "contenttypes.contenttype", "fields": {"app_label": "epita", "model": "attendance"}}, {"model": "contenttypes.contenttype", "fields": {"app_label": "epita", "model": "course"}}, {"model": "contenttypes.contenttype", "fields": {"app_label": "epita", "model": "grades"}}, {"model": "contenttypes.contenttype", "fields": {"app_label": "epita", "model": "professor"}}, {"model": "contenttypes.contenttype", "fields": {"app_label": "epita", "model": "room"}}, {"model": "contenttypes.contenttype", "fields": {"app_label": "epita", "model": "schedule"}}, {"model": "contenttypes.contenttype", "fields": {"app_label": "epita", "model": "student"}}, {"model": "contenttypes.contenttype", "fields": {"app_label": "epita", "model": "studentcourse"}}, {"model": "contenttypes.contenttype", "fields": {"app_label": "accounts", "model": "user"}}, {"model": "contenttypes.contenttype", "fields": {"app_label": "quiz", "model": "multiplechoiceoption"}}, {"model": "contenttypes.contenttype", "fields": {"app_label": "quiz", "model": "question"}}, {"model": "contenttypes.contenttype", "fields": {"app_label": "quiz", "model": "quiz"}}, {"model": "contenttypes.contenttype", "fields": {"app_label": "quiz", "model": "multiplechoicequestion"}}, {"model": "contenttypes.contenttype", "fields": {"app_label": "quiz", "model": "numericscalequestion"}}, {"model": "contenttypes.contenttype", "fields": {"app_label": "quiz", "model": "checkboxquestion"}}, {"model": "sessions.session", "pk": "arxykp01z9jglz6vhjxct8p02488wdec", "fields": {"session_data": "ODYxNmNjYmY0Nzk5YmMwNmZkYzg3NDAxZDlmMjM1MGQ0ZGQwY2I2Nzp7Il9hdXRoX3VzZXJfaWQiOiI3IiwiX2F1dGhfdXNlcl9iYWNrZW5kIjoiZGphbmdvLmNvbnRyaWIuYXV0aC5iYWNrZW5kcy5Nb2RlbEJhY2tlbmQiLCJfYXV0aF91c2VyX2hhc2giOiIyMTRjZjg2N2UwNjVlZjJhMWVlOWZlYjM5YWQ1NTFjNjFjMmUxMTk3In0=", "expire_date": "2018-06-13T16:18:05.800Z"}}, {"model": "epita.course", "pk": 4, "fields": {"professor_id": 3, "title": "Digital Marketing", "description": "digital marketing description", "semester": "Fall 2017", "module": "Management", "credits": 3, "slug": "fall-2017-digital-marketing"}}, {"model": "epita.course", "pk": 5, "fields": {"professor_id": 3, "title": "Digital Marketing", "description": "digital marketing", "semester": "Spring 2018", "module": "Management", "credits": 3, "slug": "spring-2018-digital-marketing"}}, {"model": "epita.course", "pk": 6, "fields": {"professor_id": 4, "title": "Advanced Java", "description": "dfghjkl", "semester": "Fall 2017", "module": "Technology", "credits": 5, "slug": "fall-2017-advanced-java"}}, {"model": "epita.course", "pk": 7, "fields": {"professor_id": 4, "title": "Advanced Java", "description": "dfghjkl", "semester": "Spring 2018", "module": "Technology", "credits": 3, "slug": "spring-2018-advanced-java"}}, {"model": "epita.course", "pk": 8, "fields": {"professor_id": 5, "title": "Advanced C", "description": "fghjkl", "semester": "Fall 2017", "module": "Technology", "credits": 3, "slug": "fall-2017-advanced-c"}}, {"model": "epita.studentcourse", "pk": 1, "fields": {"course_id": 4, "student_id": 4}}, {"model": "epita.studentcourse", "pk": 2, "fields": {"course_id": 4, "student_id": 5}}, {"model": "epita.studentcourse", "pk": 3, "fields": {"course_id": 4, "student_id": 6}}, {"model": "epita.studentcourse", "pk": 4, "fields": {"course_id": 5, "student_id": 7}}, {"model": "epita.studentcourse", "pk": 5, "fields": {"course_id": 5, "student_id": 8}}, {"model": "epita.studentcourse", "pk": 6, "fields": {"course_id": 5, "student_id": 9}}, {"model": "epita.studentcourse", "pk": 7, "fields": {"course_id": 6, "student_id": 4}}, {"model": "epita.studentcourse", "pk": 8, "fields": {"course_id": 6, "student_id": 5}}, {"model": "epita.studentcourse", "pk": 9, "fields": {"course_id": 6, "student_id": 6}}, {"model": "epita.studentcourse", "pk": 10, "fields": {"course_id": 7, "student_id": 7}}, {"model": "epita.studentcourse", "pk": 11, "fields": {"course_id": 7, "student_id": 8}}, {"model": "epita.studentcourse", "pk": 12, "fields": {"course_id": 7, "student_id": 9}}, {"model": "epita.studentcourse", "pk": 13, "fields": {"course_id": 8, "student_id": 5}}, {"model": "epita.room", "pk": 3, "fields": {"building": "KB604", "has_whiteboard": true, "has_chalkboard": true, "has_projector": true, "size": 100}}, {"model": "epita.schedule", "pk": 4, "fields": {"course_id": 4, "date": "2018-05-30", "start_time": "19:06:35", "end_time": "19:06:36", "room_id": 3, "attendance_closed": true}}, {"model": "epita.schedule", "pk": 5, "fields": {"course_id": 4, "date": "2018-05-31", "start_time": "19:07:01", "end_time": "19:07:02", "room_id": 3, "attendance_closed": true}}, {"model": "epita.schedule", "pk": 6, "fields": {"course_id": 5, "date": "2018-05-30", "start_time": "19:07:14", "end_time": "19:07:15", "room_id": 3, "attendance_closed": true}}, {"model": "epita.schedule", "pk": 7, "fields": {"course_id": 5, "date": "2018-05-31", "start_time": "19:07:20", "end_time": "19:07:21", "room_id": 3, "attendance_closed": true}}, {"model": "epita.schedule", "pk": 8, "fields": {"course_id": 6, "date": "2018-05-30", "start_time": "19:07:31", "end_time": "19:07:32", "room_id": 3, "attendance_closed": true}}, {"model": "epita.schedule", "pk": 9, "fields": {"course_id": 6, "date": "2018-05-30", "start_time": "20:07:38", "end_time": "20:07:39", "room_id": 3, "attendance_closed": true}}, {"model": "epita.schedule", "pk": 10, "fields": {"course_id": 7, "date": "2018-05-30", "start_time": "19:08:03", "end_time": "19:08:04", "room_id": 3, "attendance_closed": true}}, {"model": "epita.schedule", "pk": 11, "fields": {"course_id": 8, "date": "2018-05-30", "start_time": "19:08:15", "end_time": "19:08:16", "room_id": 3, "attendance_closed": true}}, {"model": "epita.attendance", "pk": 18, "fields": {"student_id": 4, "schedule_id": 4, "status": 2, "file_upload": "", "upload_time": null}}, {"model": "epita.attendance", "pk": 19, "fields": {"student_id": 5, "schedule_id": 4, "status": 2, "file_upload": "", "upload_time": null}}, {"model": "epita.attendance", "pk": 20, "fields": {"student_id": 6, "schedule_id": 4, "status": 2, "file_upload": "", "upload_time": null}}, {"model": "epita.attendance", "pk": 21, "fields": {"student_id": 4, "schedule_id": 5, "status": 2, "file_upload": "", "upload_time": null}}, {"model": "epita.attendance", "pk": 22, "fields": {"student_id": 5, "schedule_id": 5, "status": 2, "file_upload": "", "upload_time": null}}, {"model": "epita.attendance", "pk": 23, "fields": {"student_id": 6, "schedule_id": 5, "status": 2, "file_upload": "", "upload_time": null}}, {"model": "epita.attendance", "pk": 24, "fields": {"student_id": 7, "schedule_id": 6, "status": 2, "file_upload": "", "upload_time": null}}, {"model": "epita.attendance", "pk": 25, "fields": {"student_id": 8, "schedule_id": 6, "status": 2, "file_upload": "", "upload_time": null}}, {"model": "epita.attendance", "pk": 26, "fields": {"student_id": 9, "schedule_id": 6, "status": 2, "file_upload": "", "upload_time": null}}, {"model": "epita.attendance", "pk": 27, "fields": {"student_id": 7, "schedule_id": 7, "status": 2, "file_upload": "", "upload_time": null}}, {"model": "epita.attendance", "pk": 28, "fields": {"student_id": 8, "schedule_id": 7, "status": 2, "file_upload": "", "upload_time": null}}, {"model": "epita.attendance", "pk": 29, "fields": {"student_id": 9, "schedule_id": 7, "status": 2, "file_upload": "", "upload_time": null}}, {"model": "epita.attendance", "pk": 30, "fields": {"student_id": 4, "schedule_id": 8, "status": 2, "file_upload": "", "upload_time": null}}, {"model": "epita.attendance", "pk": 31, "fields": {"student_id": 5, "schedule_id": 8, "status": 2, "file_upload": "", "upload_time": null}}, {"model": "epita.attendance", "pk": 32, "fields": {"student_id": 6, "schedule_id": 8, "status": 2, "file_upload": "", "upload_time": null}}, {"model": "epita.attendance", "pk": 33, "fields": {"student_id": 4, "schedule_id": 9, "status": 2, "file_upload": "", "upload_time": null}}, {"model": "epita.attendance", "pk": 34, "fields": {"student_id": 5, "schedule_id": 9, "status": 2, "file_upload": "", "upload_time": null}}, {"model": "epita.attendance", "pk": 35, "fields": {"student_id": 6, "schedule_id": 9, "status": 2, "file_upload": "", "upload_time": null}}, {"model": "epita.attendance", "pk": 36, "fields": {"student_id": 7, "schedule_id": 10, "status": 2, "file_upload": "", "upload_time": null}}, {"model": "epita.attendance", "pk": 37, "fields": {"student_id": 8, "schedule_id": 10, "status": 2, "file_upload": "", "upload_time": null}}, {"model": "epita.attendance", "pk": 38, "fields": {"student_id": 9, "schedule_id": 10, "status": 2, "file_upload": "", "upload_time": null}}, {"model": "epita.attendance", "pk": 39, "fields": {"student_id": 5, "schedule_id": 11, "status": 2, "file_upload": "", "upload_time": null}}, {"model": "quiz.quiz", "pk": 1, "fields": {"title": "Capitals", "description": "capitals of the world", "url": "", "course": 4, "status": "DRAFT", "open": false, "time_limit": null, "randomize": false, "created_on": "2018-05-30T17:36:01Z"}}, {"model": "quiz.question", "pk": 1, "fields": {"content": "Will vaaruni ever merge?!?!?!", "figure": "", "explanation": "", "type": 1, "quiz": [1]}}, {"model": "quiz.question", "pk": 2, "fields": {"content": "What is the capital of France", "figure": "", "explanation": "", "type": 1, "quiz": [1]}}, {"model": "quiz.question", "pk": 3, "fields": {"content": "What is the capital of the USA", "figure": "", "explanation": "", "type": 1, "quiz": [1]}}, {"model": "quiz.question", "pk": 4, "fields": {"content": "What is your favorite capital?", "figure": "", "explanation": "", "type": 0, "quiz": [1]}}, {"model": "quiz.multiplechoicequestion", "pk": 1, "fields": {"randomize": false, "quiz": [1]}}, {"model": "quiz.multiplechoicequestion", "pk": 2, "fields": {"randomize": false, "quiz": [1]}}, {"model": "quiz.multiplechoicequestion", "pk": 3, "fields": {"randomize": false, "quiz": [1]}}, {"model": "quiz.multiplechoiceoption", "pk": 1, "fields": {"question": 1, "content": "yes", "is_correct": true}}, {"model": "quiz.multiplechoiceoption", "pk": 2, "fields": {"question": 1, "content": "no", "is_correct": false}}, {"model": "quiz.multiplechoiceoption", "pk": 3, "fields": {"question": 2, "content": "Lyon", "is_correct": false}}, {"model": "quiz.multiplechoiceoption", "pk": 4, "fields": {"question": 2, "content": "Marseille", "is_correct": false}}, {"model": "quiz.multiplechoiceoption", "pk": 5, "fields": {"question": 2, "content": "Paris", "is_correct": true}}, {"model": "quiz.multiplechoiceoption", "pk": 6, "fields": {"question": 2, "content": "Toulouse", "is_correct": false}}, {"model": "quiz.multiplechoiceoption", "pk": 7, "fields": {"question": 3, "content": "Philly", "is_correct": false}}, {"model": "quiz.multiplechoiceoption", "pk": 8, "fields": {"question": 3, "content": "New York", "is_correct": false}}, {"model": "quiz.multiplechoiceoption", "pk": 9, "fields": {"question": 3, "content": "Washington DC", "is_correct": true}}, {"model": "quiz.multiplechoiceoption", "pk": 10, "fields": {"question": 3, "content": "Los Angeles", "is_correct": false}}, {"model": "auth.permission", "fields": {"name": "Can add log entry", "content_type": ["admin", "logentry"], "codename": "add_logentry"}}, {"model": "auth.permission", "fields": {"name": "Can change log entry", "content_type": ["admin", "logentry"], "codename": "change_logentry"}}, {"model": "auth.permission", "fields": {"name": "Can delete log entry", "content_type": ["admin", "logentry"], "codename": "delete_logentry"}}, {"model": "auth.permission", "fields": {"name": "Can add permission", "content_type": ["auth", "permission"], "codename": "add_permission"}}, {"model": "auth.permission", "fields": {"name": "Can change permission", "content_type": ["auth", "permission"], "codename": "change_permission"}}, {"model": "auth.permission", "fields": {"name": "Can delete permission", "content_type": ["auth", "permission"], "codename": "delete_permission"}}, {"model": "auth.permission", "fields": {"name": "Can add group", "content_type": ["auth", "group"], "codename": "add_group"}}, {"model": "auth.permission", "fields": {"name": "Can change group", "content_type": ["auth", "group"], "codename": "change_group"}}, {"model": "auth.permission", "fields": {"name": "Can delete group", "content_type": ["auth", "group"], "codename": "delete_group"}}, {"model": "auth.permission", "fields": {"name": "Can add content type", "content_type": ["contenttypes", "contenttype"], "codename": "add_contenttype"}}, {"model": "auth.permission", "fields": {"name": "Can change content type", "content_type": ["contenttypes", "contenttype"], "codename": "change_contenttype"}}, {"model": "auth.permission", "fields": {"name": "Can delete content type", "content_type": ["contenttypes", "contenttype"], "codename": "delete_contenttype"}}, {"model": "auth.permission", "fields": {"name": "Can add session", "content_type": ["sessions", "session"], "codename": "add_session"}}, {"model": "auth.permission", "fields": {"name": "Can change session", "content_type": ["sessions", "session"], "codename": "change_session"}}, {"model": "auth.permission", "fields": {"name": "Can delete session", "content_type": ["sessions", "session"], "codename": "delete_session"}}, {"model": "auth.permission", "fields": {"name": "Can add attendance", "content_type": ["epita", "attendance"], "codename": "add_attendance"}}, {"model": "auth.permission", "fields": {"name": "Can change attendance", "content_type": ["epita", "attendance"], "codename": "change_attendance"}}, {"model": "auth.permission", "fields": {"name": "Can delete attendance", "content_type": ["epita", "attendance"], "codename": "delete_attendance"}}, {"model": "auth.permission", "fields": {"name": "Can add course", "content_type": ["epita", "course"], "codename": "add_course"}}, {"model": "auth.permission", "fields": {"name": "Can change course", "content_type": ["epita", "course"], "codename": "change_course"}}, {"model": "auth.permission", "fields": {"name": "Can delete course", "content_type": ["epita", "course"], "codename": "delete_course"}}, {"model": "auth.permission", "fields": {"name": "Can add grades", "content_type": ["epita", "grades"], "codename": "add_grades"}}, {"model": "auth.permission", "fields": {"name": "Can change grades", "content_type": ["epita", "grades"], "codename": "change_grades"}}, {"model": "auth.permission", "fields": {"name": "Can delete grades", "content_type": ["epita", "grades"], "codename": "delete_grades"}}, {"model": "auth.permission", "fields": {"name": "Can add professor", "content_type": ["epita", "professor"], "codename": "add_professor"}}, {"model": "auth.permission", "fields": {"name": "Can change professor", "content_type": ["epita", "professor"], "codename": "change_professor"}}, {"model": "auth.permission", "fields": {"name": "Can delete professor", "content_type": ["epita", "professor"], "codename": "delete_professor"}}, {"model": "auth.permission", "fields": {"name": "Can add room", "content_type": ["epita", "room"], "codename": "add_room"}}, {"model": "auth.permission", "fields": {"name": "Can change room", "content_type": ["epita", "room"], "codename": "change_room"}}, {"model": "auth.permission", "fields": {"name": "Can delete room", "content_type": ["epita", "room"], "codename": "delete_room"}}, {"model": "auth.permission", "fields": {"name": "Can add schedule", "content_type": ["epita", "schedule"], "codename": "add_schedule"}}, {"model": "auth.permission", "fields": {"name": "Can change schedule", "content_type": ["epita", "schedule"], "codename": "change_schedule"}}, {"model": "auth.permission", "fields": {"name": "Can delete schedule", "content_type": ["epita", "schedule"], "codename": "delete_schedule"}}, {"model": "auth.permission", "fields": {"name": "Can add student", "content_type": ["epita", "student"], "codename": "add_student"}}, {"model": "auth.permission", "fields": {"name": "Can change student", "content_type": ["epita", "student"], "codename": "change_student"}}, {"model": "auth.permission", "fields": {"name": "Can delete student", "content_type": ["epita", "student"], "codename": "delete_student"}}, {"model": "auth.permission", "fields": {"name": "Can add student course", "content_type": ["epita", "studentcourse"], "codename": "add_studentcourse"}}, {"model": "auth.permission", "fields": {"name": "Can change student course", "content_type": ["epita", "studentcourse"], "codename": "change_studentcourse"}}, {"model": "auth.permission", "fields": {"name": "Can delete student course", "content_type": ["epita", "studentcourse"], "codename": "delete_studentcourse"}}, {"model": "auth.permission", "fields": {"name": "Can add user", "content_type": ["accounts", "user"], "codename": "add_user"}}, {"model": "auth.permission", "fields": {"name": "Can change user", "content_type": ["accounts", "user"], "codename": "change_user"}}, {"model": "auth.permission", "fields": {"name": "Can delete user", "content_type": ["accounts", "user"], "codename": "delete_user"}}, {"model": "auth.permission", "fields": {"name": "Can add Option", "content_type": ["quiz", "multiplechoiceoption"], "codename": "add_multiplechoiceoption"}}, {"model": "auth.permission", "fields": {"name": "Can change Option", "content_type": ["quiz", "multiplechoiceoption"], "codename": "change_multiplechoiceoption"}}, {"model": "auth.permission", "fields": {"name": "Can delete Option", "content_type": ["quiz", "multiplechoiceoption"], "codename": "delete_multiplechoiceoption"}}, {"model": "auth.permission", "fields": {"name": "Can add question", "content_type": ["quiz", "question"], "codename": "add_question"}}, {"model": "auth.permission", "fields": {"name": "Can change question", "content_type": ["quiz", "question"], "codename": "change_question"}}, {"model": "auth.permission", "fields": {"name": "Can delete question", "content_type": ["quiz", "question"], "codename": "delete_question"}}, {"model": "auth.permission", "fields": {"name": "Can add Quiz", "content_type": ["quiz", "quiz"], "codename": "add_quiz"}}, {"model": "auth.permission", "fields": {"name": "Can change Quiz", "content_type": ["quiz", "quiz"], "codename": "change_quiz"}}, {"model": "auth.permission", "fields": {"name": "Can delete Quiz", "content_type": ["quiz", "quiz"], "codename": "delete_quiz"}}, {"model": "auth.permission", "fields": {"name": "Can add multiple choice question", "content_type": ["quiz", "multiplechoicequestion"], "codename": "add_multiplechoicequestion"}}, {"model": "auth.permission", "fields": {"name": "Can change multiple choice question", "content_type": ["quiz", "multiplechoicequestion"], "codename": "change_multiplechoicequestion"}}, {"model": "auth.permission", "fields": {"name": "Can delete multiple choice question", "content_type": ["quiz", "multiplechoicequestion"], "codename": "delete_multiplechoicequestion"}}, {"model": "auth.permission", "fields": {"name": "Can add numeric scale question", "content_type": ["quiz", "numericscalequestion"], "codename": "add_numericscalequestion"}}, {"model": "auth.permission", "fields": {"name": "Can change numeric scale question", "content_type": ["quiz", "numericscalequestion"], "codename": "change_numericscalequestion"}}, {"model": "auth.permission", "fields": {"name": "Can delete numeric scale question", "content_type": ["quiz", "numericscalequestion"], "codename": "delete_numericscalequestion"}}, {"model": "auth.permission", "fields": {"name": "Can add checkbox question", "content_type": ["quiz", "checkboxquestion"], "codename": "add_checkboxquestion"}}, {"model": "auth.permission", "fields": {"name": "Can change checkbox question", "content_type": ["quiz", "checkboxquestion"], "codename": "change_checkboxquestion"}}, {"model": "auth.permission", "fields": {"name": "Can delete checkbox question", "content_type": ["quiz", "checkboxquestion"], "codename": "delete_checkboxquestion"}}, {"model": "accounts.user", "fields": {"password": "pbkdf2_sha256$100000$QlzHvOGEqe6t$3G2KvCOnWJ1My2g4GphZyr+Xi+aPN/OLlE9FGhEI3gU=", "last_login": "2018-05-30T16:18:05.795Z", "is_superuser": true, "email": "admin@epita.fr", "first_name": "", "last_name": "", "external_email": "", "date_joined": "2018-05-30T16:17:59.814Z", "is_active": true, "is_staff": true, "groups": [], "user_permissions": []}}, {"model": "accounts.user", "fields": {"password": "pbkdf2_sha256$100000$3EmXIqDXRxbE$wTQPCpolnntZEF3zBu0MpE6bneusbeCZ15LHkzRJXFs=", "last_login": null, "is_superuser": false, "email": "cameron@epita.fr", "first_name": "Cameron", "last_name": "Jones", "external_email": "cameron@fake.com", "date_joined": "2018-05-30T16:55:14.471Z", "is_active": true, "is_staff": false, "groups": [], "user_permissions": []}}, {"model": "accounts.user", "fields": {"password": "pbkdf2_sha256$100000$l5DxUZZojgU8$oGpKK/QqEeor4WFq7BZ2a8c+YpKT/TdHzBR73tvvB90=", "last_login": null, "is_superuser": false, "email": "chris@epita.fr", "first_name": "Christopher", "last_name": "LeMatty", "external_email": "chris@fake.com", "date_joined": "2018-05-30T16:55:36.451Z", "is_active": true, "is_staff": false, "groups": [], "user_permissions": []}}, {"model": "accounts.user", "fields": {"password": "pbkdf2_sha256$100000$wtoerT8IUlrG$WBP/Ns+TPPXVfWC0oAFOMbk01Sfy7VHBuc4pond3Aek=", "last_login": null, "is_superuser": false, "email": "vaaruni@epita.fr", "first_name": "Vaaruni", "last_name": "Joshi", "external_email": "vaaruni@fake.com", "date_joined": "2018-05-30T16:55:56.296Z", "is_active": true, "is_staff": false, "groups": [], "user_permissions": []}}, {"model": "accounts.user", "fields": {"password": "pbkdf2_sha256$100000$lUqFZucKENxw$jeB7KqCOGs+URgh/Ie91lZhHW25XN/NwUqd6fdAfW3M=", "last_login": null, "is_superuser": false, "email": "stefano@epita.fr", "first_name": "Stefano", "last_name": "Acosta", "external_email": "stefano@fake.com", "date_joined": "2018-05-30T16:56:21.495Z", "is_active": true, "is_staff": false, "groups": [], "user_permissions": []}}, {"model": "accounts.user", "fields": {"password": "pbkdf2_sha256$100000$BqHAQTlEppsw$+7ss0hHSTYlq705LOrbUpfxI6QjmqI+Up5s56dl57No=", "last_login": null, "is_superuser": false, "email": "shoaib@epita.fr", "first_name": "Shoaib", "last_name": "Inayat", "external_email": "shoaib@fake.com", "date_joined": "2018-05-30T16:56:47.197Z", "is_active": true, "is_staff": false, "groups": [], "user_permissions": []}}, {"model": "accounts.user", "fields": {"password": "pbkdf2_sha256$100000$zkrNplf0Oya9$AAkX2Wu/z8T4cTtEo8oanUGSsSgK1RRWz5CMZFlsGqU=", "last_login": null, "is_superuser": false, "email": "donatien@epita.fr", "first_name": "Donatien", "last_name": "Kouakey", "external_email": "donatien@fake.com", "date_joined": "2018-05-30T16:57:18.884Z", "is_active": true, "is_staff": false, "groups": [], "user_permissions": []}}, {"model": "accounts.user", "fields": {"password": "pbkdf2_sha256$100000$OoBKS9xZeqBY$Qe6Vk3e1HwBg69AdMwwOw408NJehKrhHq01xX/WSNuk=", "last_login": null, "is_superuser": false, "email": "bill@epita.fr", "first_name": "Bill", "last_name": "Manos", "external_email": "", "date_joined": "2018-05-30T16:57:54.668Z", "is_active": true, "is_staff": true, "groups": [], "user_permissions": []}}, {"model": "accounts.user", "fields": {"password": "pbkdf2_sha256$100000$JO2zN0dk9HmV$uShw+8CoPHpZbFJ62AbAxIDD5zO7y9dD4zVAI/+eTUk=", "last_login": null, "is_superuser": false, "email": "thomas@epita.fr", "first_name": "Thomas", "last_name": "Broussard", "external_email": "", "date_joined": "2018-05-30T16:58:13.630Z", "is_active": true, "is_staff": true, "groups": [], "user_permissions": []}}, {"model": "accounts.user", "fields": {"password": "pbkdf2_sha256$100000$sBmHk5QaClNY$jNeR1y1qa0H1IRsP2OuYUEPCrEozOFQ82ddRugTcDJM=", "last_login": null, "is_superuser": false, "email": "augustus@epita.fr", "first_name": "Augustus", "last_name": "Macklemore", "external_email": "", "date_joined": "2018-05-30T16:58:51.908Z", "is_active": true, "is_staff": true, "groups": [], "user_permissions": []}}, {"model": "epita.professor", "pk": 3, "fields": {"user": ["bill@epita.fr"], "phone": ""}}, {"model": "epita.professor", "pk": 4, "fields": {"user": ["thomas@epita.fr"], "phone": ""}}, {"model": "epita.professor", "pk": 5, "fields": {"user": ["augustus@epita.fr"], "phone": ""}}, {"model": "epita.student", "pk": 4, "fields": {"user": ["cameron@epita.fr"], "phone": "123456789", "program": "MSc", "specialization": "SE", "intakeSemester": "Fall 2017", "country": "USA", "country_code": "us", "city": "Philadelphia, PA", "languages": "English", "photo_location": ""}}, {"model": "epita.student", "pk": 5, "fields": {"user": ["chris@epita.fr"], "phone": "666666666", "program": "MSc", "specialization": "SE", "intakeSemester": "Fall 2017", "country": "USA", "country_code": "us", "city": "Turnpike Town, NJ", "languages": "English,Spanish", "photo_location": ""}}, {"model": "epita.student", "pk": 6, "fields": {"user": ["vaaruni@epita.fr"], "phone": "1111111111", "program": "MSc", "specialization": "SE", "intakeSemester": "Fall 2017", "country": "India", "country_code": "in", "city": "Delhi", "languages": "Hindi,English", "photo_location": ""}}, {"model": "epita.student", "pk": 7, "fields": {"user": ["stefano@epita.fr"], "phone": "987654321", "program": "ME", "specialization": "SE", "intakeSemester": "Spring 2018", "country": "Ecuador", "country_code": "ec", "city": "Quito", "languages": "Spanish,English", "photo_location": ""}}, {"model": "epita.student", "pk": 8, "fields": {"user": ["shoaib@epita.fr"], "phone": "123456789", "program": "ME", "specialization": "ISM", "intakeSemester": "Spring 2018", "country": "Pakistan", "country_code": "pk", "city": "Islamabad", "languages": "Urdu,English", "photo_location": ""}}, {"model": "epita.student", "pk": 9, "fields": {"user": ["donatien@epita.fr"], "phone": "123456789", "program": "MSc", "specialization": "ISM", "intakeSemester": "Spring 2018", "country": "Togo", "country_code": "tg", "city": "Lome", "languages": "French,English", "photo_location": ""}}, {"model": "admin.logentry", "pk": 1, "fields": {"action_time": "2018-05-30T16:55:14.478Z", "user": ["admin@epita.fr"], "content_type": ["accounts", "user"], "object_id": "9", "object_repr": "Cameron Jones", "action_flag": 1, "change_message": "[{\"added\": {}}]"}}, {"model": "admin.logentry", "pk": 2, "fields": {"action_time": "2018-05-30T16:55:36.453Z", "user": ["admin@epita.fr"], "content_type": ["accounts", "user"], "object_id": "10", "object_repr": "Christopher LeMatty", "action_flag": 1, "change_message": "[{\"added\": {}}]"}}, {"model": "admin.logentry", "pk": 3, "fields": {"action_time": "2018-05-30T16:55:56.304Z", "user": ["admin@epita.fr"], "content_type": ["accounts", "user"], "object_id": "11", "object_repr": "Vaaruni Joshi", "action_flag": 1, "change_message": "[{\"added\": {}}]"}}, {"model": "admin.logentry", "pk": 4, "fields": {"action_time": "2018-05-30T16:56:21.498Z", "user": ["admin@epita.fr"], "content_type": ["accounts", "user"], "object_id": "12", "object_repr": "Stefano Acosta", "action_flag": 1, "change_message": "[{\"added\": {}}]"}}, {"model": "admin.logentry", "pk": 5, "fields": {"action_time": "2018-05-30T16:56:47.202Z", "user": ["admin@epita.fr"], "content_type": ["accounts", "user"], "object_id": "13", "object_repr": "Shoaib Inayat", "action_flag": 1, "change_message": "[{\"added\": {}}]"}}, {"model": "admin.logentry", "pk": 6, "fields": {"action_time": "2018-05-30T16:57:18.887Z", "user": ["admin@epita.fr"], "content_type": ["accounts", "user"], "object_id": "14", "object_repr": "Donatien Kouakey", "action_flag": 1, "change_message": "[{\"added\": {}}]"}}, {"model": "admin.logentry", "pk": 7, "fields": {"action_time": "2018-05-30T16:57:54.673Z", "user": ["admin@epita.fr"], "content_type": ["accounts", "user"], "object_id": "15", "object_repr": "Bill Manos", "action_flag": 1, "change_message": "[{\"added\": {}}]"}}, {"model": "admin.logentry", "pk": 8, "fields": {"action_time": "2018-05-30T16:58:13.634Z", "user": ["admin@epita.fr"], "content_type": ["accounts", "user"], "object_id": "16", "object_repr": "Thomas Broussard", "action_flag": 1, "change_message": "[{\"added\": {}}]"}}, {"model": "admin.logentry", "pk": 9, "fields": {"action_time": "2018-05-30T16:58:51.910Z", "user": ["admin@epita.fr"], "content_type": ["accounts", "user"], "object_id": "17", "object_repr": "Augustus Macklemore", "action_flag": 1, "change_message": "[{\"added\": {}}]"}}, {"model": "admin.logentry", "pk": 10, "fields": {"action_time": "2018-05-30T16:59:17.178Z", "user": ["admin@epita.fr"], "content_type": ["epita", "room"], "object_id": "3", "object_repr": "KB604", "action_flag": 1, "change_message": "[{\"added\": {}}]"}}, {"model": "admin.logentry", "pk": 11, "fields": {"action_time": "2018-05-30T17:00:08.582Z", "user": ["admin@epita.fr"], "content_type": ["epita", "course"], "object_id": "4", "object_repr": "Digital Marketing", "action_flag": 1, "change_message": "[{\"added\": {}}]"}}, {"model": "admin.logentry", "pk": 12, "fields": {"action_time": "2018-05-30T17:00:26.389Z", "user": ["admin@epita.fr"], "content_type": ["epita", "course"], "object_id": "5", "object_repr": "Digital Marketing", "action_flag": 1, "change_message": "[{\"added\": {}}]"}}, {"model": "admin.logentry", "pk": 13, "fields": {"action_time": "2018-05-30T17:01:34.729Z", "user": ["admin@epita.fr"], "content_type": ["epita", "course"], "object_id": "6", "object_repr": "Advanced Java (Fall 2017)", "action_flag": 1, "change_message": "[{\"added\": {}}]"}}, {"model": "admin.logentry", "pk": 14, "fields": {"action_time": "2018-05-30T17:01:47.390Z", "user": ["admin@epita.fr"], "content_type": ["epita", "course"], "object_id": "7", "object_repr": "Advanced Java (Spring 2018)", "action_flag": 1, "change_message": "[{\"added\": {}}]"}}, {"model": "admin.logentry", "pk": 15, "fields": {"action_time": "2018-05-30T17:02:06.903Z", "user": ["admin@epita.fr"], "content_type": ["epita", "course"], "object_id": "8", "object_repr": "Advanced C (Fall 2017)", "action_flag": 1, "change_message": "[{\"added\": {}}]"}}, {"model": "admin.logentry", "pk": 16, "fields": {"action_time": "2018-05-30T17:02:36.250Z", "user": ["admin@epita.fr"], "content_type": ["epita", "studentcourse"], "object_id": "1", "object_repr": "Digital Marketing (Fall 2017)", "action_flag": 1, "change_message": "[{\"added\": {}}]"}}, {"model": "admin.logentry", "pk": 17, "fields": {"action_time": "2018-05-30T17:02:40.398Z", "user": ["admin@epita.fr"], "content_type": ["epita", "studentcourse"], "object_id": "2", "object_repr": "Digital Marketing (Fall 2017)", "action_flag": 1, "change_message": "[{\"added\": {}}]"}}, {"model": "admin.logentry", "pk": 18, "fields": {"action_time": "2018-05-30T17:02:44.875Z", "user": ["admin@epita.fr"], "content_type": ["epita", "studentcourse"], "object_id": "3", "object_repr": "Digital Marketing (Fall 2017)", "action_flag": 1, "change_message": "[{\"added\": {}}]"}}, {"model": "admin.logentry", "pk": 19, "fields": {"action_time": "2018-05-30T17:02:50.093Z", "user": ["admin@epita.fr"], "content_type": ["epita", "studentcourse"], "object_id": "4", "object_repr": "Digital Marketing (Spring 2018)", "action_flag": 1, "change_message": "[{\"added\": {}}]"}}, {"model": "admin.logentry", "pk": 20, "fields": {"action_time": "2018-05-30T17:02:56.611Z", "user": ["admin@epita.fr"], "content_type": ["epita", "studentcourse"], "object_id": "5", "object_repr": "Digital Marketing (Spring 2018)", "action_flag": 1, "change_message": "[{\"added\": {}}]"}}, {"model": "admin.logentry", "pk": 21, "fields": {"action_time": "2018-05-30T17:03:00.974Z", "user": ["admin@epita.fr"], "content_type": ["epita", "studentcourse"], "object_id": "6", "object_repr": "Digital Marketing (Spring 2018)", "action_flag": 1, "change_message": "[{\"added\": {}}]"}}, {"model": "admin.logentry", "pk": 22, "fields": {"action_time": "2018-05-30T17:03:05.114Z", "user": ["admin@epita.fr"], "content_type": ["epita", "studentcourse"], "object_id": "7", "object_repr": "Advanced Java (Fall 2017)", "action_flag": 1, "change_message": "[{\"added\": {}}]"}}, {"model": "admin.logentry", "pk": 23, "fields": {"action_time": "2018-05-30T17:03:09.367Z", "user": ["admin@epita.fr"], "content_type": ["epita", "studentcourse"], "object_id": "8", "object_repr": "Advanced Java (Fall 2017)", "action_flag": 1, "change_message": "[{\"added\": {}}]"}}, {"model": "admin.logentry", "pk": 24, "fields": {"action_time": "2018-05-30T17:03:15.595Z", "user": ["admin@epita.fr"], "content_type": ["epita", "studentcourse"], "object_id": "9", "object_repr": "Advanced Java (Fall 2017)", "action_flag": 1, "change_message": "[{\"added\": {}}]"}}, {"model": "admin.logentry", "pk": 25, "fields": {"action_time": "2018-05-30T17:03:21.301Z", "user": ["admin@epita.fr"], "content_type": ["epita", "studentcourse"], "object_id": "10", "object_repr": "Advanced Java (Spring 2018)", "action_flag": 1, "change_message": "[{\"added\": {}}]"}}, {"model": "admin.logentry", "pk": 26, "fields": {"action_time": "2018-05-30T17:03:26.318Z", "user": ["admin@epita.fr"], "content_type": ["epita", "studentcourse"], "object_id": "11", "object_repr": "Advanced Java (Spring 2018)", "action_flag": 1, "change_message": "[{\"added\": {}}]"}}, {"model": "admin.logentry", "pk": 27, "fields": {"action_time": "2018-05-30T17:03:32.761Z", "user": ["admin@epita.fr"], "content_type": ["epita", "studentcourse"], "object_id": "12", "object_repr": "Advanced Java (Spring 2018)", "action_flag": 1, "change_message": "[{\"added\": {}}]"}}, {"model": "admin.logentry", "pk": 28, "fields": {"action_time": "2018-05-30T17:03:41.750Z", "user": ["admin@epita.fr"], "content_type": ["epita", "studentcourse"], "object_id": "13", "object_repr": "Advanced C (Fall 2017)", "action_flag": 1, "change_message": "[{\"added\": {}}]"}}, {"model": "admin.logentry", "pk": 29, "fields": {"action_time": "2018-05-30T17:06:56.424Z", "user": ["admin@epita.fr"], "content_type": ["epita", "schedule"], "object_id": "4", "object_repr": "Digital Marketing (Fall 2017) 2018-05-30", "action_flag": 1, "change_message": "[{\"added\": {}}]"}}, {"model": "admin.logentry", "pk": 30, "fields": {"action_time": "2018-05-30T17:07:10.046Z", "user": ["admin@epita.fr"], "content_type": ["epita", "schedule"], "object_id": "5", "object_repr": "Digital Marketing (Fall 2017) 2018-05-31", "action_flag": 1, "change_message": "[{\"added\": {}}]"}}, {"model": "admin.logentry", "pk": 31, "fields": {"action_time": "2018-05-30T17:07:17.466Z", "user": ["admin@epita.fr"], "content_type": ["epita", "schedule"], "object_id": "6", "object_repr": "Digital Marketing (Spring 2018) 2018-05-30", "action_flag": 1, "change_message": "[{\"added\": {}}]"}}, {"model": "admin.logentry", "pk": 32, "fields": {"action_time": "2018-05-30T17:07:26.390Z", "user": ["admin@epita.fr"], "content_type": ["epita", "schedule"], "object_id": "7", "object_repr": "Digital Marketing (Spring 2018) 2018-05-31", "action_flag": 1, "change_message": "[{\"added\": {}}]"}}, {"model": "admin.logentry", "pk": 33, "fields": {"action_time": "2018-05-30T17:07:35.134Z", "user": ["admin@epita.fr"], "content_type": ["epita", "schedule"], "object_id": "8", "object_repr": "Advanced Java (Fall 2017) 2018-05-30", "action_flag": 1, "change_message": "[{\"added\": {}}]"}}, {"model": "admin.logentry", "pk": 34, "fields": {"action_time": "2018-05-30T17:07:54.702Z", "user": ["admin@epita.fr"], "content_type": ["epita", "schedule"], "object_id": "9", "object_repr": "Advanced Java (Fall 2017) 2018-05-30", "action_flag": 1, "change_message": "[{\"added\": {}}]"}}, {"model": "admin.logentry", "pk": 35, "fields": {"action_time": "2018-05-30T17:08:11.695Z", "user": ["admin@epita.fr"], "content_type": ["epita", "schedule"], "object_id": "10", "object_repr": "Advanced Java (Spring 2018) 2018-05-30", "action_flag": 1, "change_message": "[{\"added\": {}}]"}}, {"model": "admin.logentry", "pk": 36, "fields": {"action_time": "2018-05-30T17:08:20.026Z", "user": ["admin@epita.fr"], "content_type": ["epita", "schedule"], "object_id": "11", "object_repr": "Advanced C (Fall 2017) 2018-05-30", "action_flag": 1, "change_message": "[{\"added\": {}}]"}}, {"model": "admin.logentry", "pk": 37, "fields": {"action_time": "2018-05-30T17:09:46.009Z", "user": ["admin@epita.fr"], "content_type": ["epita", "student"], "object_id": "9", "object_repr": "Donatien Kouakey", "action_flag": 2, "change_message": "[{\"changed\": {\"fields\": [\"phone\", \"program\", \"specialization\", \"intakeSemester\", \"country\", \"country_code\", \"city\", \"languages\"]}}]"}}, {"model": "admin.logentry", "pk": 38, "fields": {"action_time": "2018-05-30T17:11:05.802Z", "user": ["admin@epita.fr"], "content_type": ["epita", "student"], "object_id": "4", "object_repr": "Cameron Jones", "action_flag": 2, "change_message": "[{\"changed\": {\"fields\": [\"phone\", \"program\", \"specialization\", \"intakeSemester\", \"country\", \"country_code\", \"city\", \"languages\"]}}]"}}, {"model": "admin.logentry", "pk": 39, "fields": {"action_time": "2018-05-30T17:11:42.351Z", "user": ["admin@epita.fr"], "content_type": ["epita", "student"], "object_id": "8", "object_repr": "Shoaib Inayat", "action_flag": 2, "change_message": "[{\"changed\": {\"fields\": [\"phone\", \"program\", \"specialization\", \"intakeSemester\", \"country\", \"country_code\", \"city\", \"languages\"]}}]"}}, {"model": "admin.logentry", "pk": 40, "fields": {"action_time": "2018-05-30T17:12:57.699Z", "user": ["admin@epita.fr"], "content_type": ["epita", "student"], "object_id": "7", "object_repr": "Stefano Acosta", "action_flag": 2, "change_message": "[{\"changed\": {\"fields\": [\"phone\", \"program\", \"specialization\", \"intakeSemester\", \"country\", \"country_code\", \"city\", \"languages\"]}}]"}}, {"model": "admin.logentry", "pk": 41, "fields": {"action_time": "2018-05-30T17:13:48.266Z", "user": ["admin@epita.fr"], "content_type": ["epita", "student"], "object_id": "6", "object_repr": "Vaaruni Joshi", "action_flag": 2, "change_message": "[{\"changed\": {\"fields\": [\"phone\", \"program\", \"specialization\", \"intakeSemester\", \"country\", \"country_code\", \"city\", \"languages\"]}}]"}}, {"model": "admin.logentry", "pk": 42, "fields": {"action_time": "2018-05-30T17:35:21.910Z", "user": ["admin@epita.fr"], "content_type": ["quiz", "quiz"], "object_id": "-1", "object_repr": "Capitals", "action_flag": 3, "change_message": ""}}, {"model": "admin.logentry", "pk": 43, "fields": {"action_time": "2018-05-30T17:36:23.979Z", "user": ["admin@epita.fr"], "content_type": ["quiz", "quiz"], "object_id": "1", "object_repr": "Capitals", "action_flag": 1, "change_message": "[{\"added\": {}}]"}}, {"model": "admin.logentry", "pk": 44, "fields": {"action_time": "2018-05-30T17:36:38.852Z", "user": ["admin@epita.fr"], "content_type": ["quiz", "question"], "object_id": "4", "object_repr": "What is your favorite capital?", "action_flag": 2, "change_message": "[{\"changed\": {\"fields\": [\"quiz\"]}}]"}}, {"model": "admin.logentry", "pk": 45, "fields": {"action_time": "2018-05-30T17:37:41.850Z", "user": ["admin@epita.fr"], "content_type": ["quiz", "question"], "object_id": "3", "object_repr": "What is the capital of the USA", "action_flag": 2, "change_message": "[{\"changed\": {\"fields\": [\"quiz\"]}}]"}}, {"model": "admin.logentry", "pk": 46, "fields": {"action_time": "2018-05-30T17:37:45.819Z", "user": ["admin@epita.fr"], "content_type": ["quiz", "question"], "object_id": "2", "object_repr": "What is the capital of France", "action_flag": 2, "change_message": "[{\"changed\": {\"fields\": [\"quiz\"]}}]"}}, {"model": "admin.logentry", "pk": 47, "fields": {"action_time": "2018-05-30T17:37:49.223Z", "user": ["admin@epita.fr"], "content_type": ["quiz", "question"], "object_id": "1", "object_repr": "Will vaaruni ever merge?!?!?!", "action_flag": 2, "change_message": "[{\"changed\": {\"fields\": [\"quiz\"]}}]"}}, {"model": "admin.logentry", "pk": 48, "fields": {"action_time": "2018-05-30T17:39:13.348Z", "user": ["admin@epita.fr"], "content_type": ["epita", "student"], "object_id": "5", "object_repr": "Christopher LeMatty", "action_flag": 2, "change_message": "[{\"changed\": {\"fields\": [\"phone\", \"program\", \"specialization\", \"intakeSemester\", \"country\", \"country_code\", \"city\", \"languages\"]}}]"}}]